<linker>
  <assembly fullname="Assembly-CSharp, Version=0.0.0.0, Culture=neutral, PublicKeyToken=null">
    <type fullname="_02._Scripts.Item.DataAndTable.ItemData" preserve="all" />
    <type fullname="_02._Scripts.Item.DataAndTable.ItemSpawnTable" preserve="all" />
    <type fullname="_02._Scripts.Item.DataAndTable.ItemTable" preserve="all" />
    <type fullname="_02._Scripts.Item.KeyItem" preserve="all" />
    <type fullname="_02._Scripts.Item.DataAndTable.ItemSpawnData" preserve="nothing" serialized="true" />
  </assembly>
  <assembly fullname="Unity.Addressables, Version=0.0.0.0, Culture=neutral, PublicKeyToken=null" preserve="all">
    <type fullname="UnityEngine.AddressableAssets.Addressables" preserve="all" />
  </assembly>
  <assembly fullname="Unity.ResourceManager, Version=0.0.0.0, Culture=neutral, PublicKeyToken=null" preserve="all">
    <type fullname="UnityEngine.ResourceManagement.ResourceProviders.AssetBundleProvider" preserve="all" />
    <type fullname="UnityEngine.ResourceManagement.ResourceProviders.BundledAssetProvider" preserve="all" />
    <type fullname="UnityEngine.ResourceManagement.ResourceProviders.InstanceProvider" preserve="all" />
    <type fullname="UnityEngine.ResourceManagement.ResourceProviders.LegacyResourcesProvider" preserve="all" />
    <type fullname="UnityEngine.ResourceManagement.ResourceProviders.SceneProvider" preserve="all" />
  </assembly>
  <assembly fullname="UnityEngine.AudioModule, Version=0.0.0.0, Culture=neutral, PublicKeyToken=null">
    <type fullname="UnityEngine.AudioClip" preserve="all" />
  </assembly>
  <assembly fullname="UnityEngine.CoreModule, Version=0.0.0.0, Culture=neutral, PublicKeyToken=null">
    <type fullname="UnityEngine.GameObject" preserve="all" />
    <type fullname="UnityEngine.Material" preserve="all" />
    <type fullname="UnityEngine.Mesh" preserve="all" />
    <type fullname="UnityEngine.MeshFilter" preserve="all" />
    <type fullname="UnityEngine.MeshRenderer" preserve="all" />
    <type fullname="UnityEngine.Object" preserve="all" />
    <type fullname="UnityEngine.Shader" preserve="all" />
    <type fullname="UnityEngine.Sprite" preserve="all" />
    <type fullname="UnityEngine.Texture2D" preserve="all" />
    <type fullname="UnityEngine.Transform" preserve="all" />
  </assembly>
  <assembly fullname="UnityEngine.PhysicsModule, Version=0.0.0.0, Culture=neutral, PublicKeyToken=null">
    <type fullname="UnityEngine.BoxCollider" preserve="all" />
    <type fullname="UnityEngine.Rigidbody" preserve="all" />
  </assembly>
  <assembly fullname="AYellowpaper.SerializedCollections">
    <type fullname="AYellowpaper.SerializedCollections.SerializedDictionary`2[System.String,_02._Scripts.Item.DataAndTable.ItemData]" preserve="nothing" serialized="true" />
    <type fullname="AYellowpaper.SerializedCollections.SerializedKeyValuePair`2[System.String,_02._Scripts.Item.DataAndTable.ItemData]" preserve="nothing" serialized="true" />
  </assembly>
  <assembly fullname="Unity.RenderPipelines.Core.Runtime">
    <type fullname="UnityEngine.Rendering.SerializedDictionary`2[System.Int32,_02._Scripts.Item.DataAndTable.ItemSpawnData]" preserve="nothing" serialized="true" />
  </assembly>
</linker>